{
  "id": "combat-tracker-extensions",
  "title": "Combat Tracker Extensions",
  "description": "Add features to Combat Tracker like name hiding, hide/obscure initiative/combatant based on type/disposition/visibility/ownership, reverse initiative order, groups, custom combat phases, multiple combatants for the same token and many more. All features optional and configurable. System-agnostic.",  
  "version": "1.4",
  "compatibility": {
    "minimum": "13",
    "maximum": "13",
    "verified": "13"
  },  
  "manifest": "https://raw.githubusercontent.com/Anderware/Combat-Tracker-Extensions/main/module.json",
  "download": "https://github.com/Anderware/Combat-Tracker-Extensions/releases/download/v1.4/combat-tracker-extensions.zip",
  "changelog": "https://github.com/Anderware/Combat-Tracker-Extensions/blob/main/changelog.md",
  "readme": "https://github.com/Anderware/Combat-Tracker-Extensions/blob/main/readme.md",
  "url": "https://github.com/Anderware/Combat-Tracker-Extensions",
  "bugs": "https://github.com/Anderware/Combat-Tracker-Extensions/issues",
  "license": "https://opensource.org/licenses/AGPL-3.0",
  "authors": [
    {
      "name": "Ramses800",
      "url": "https://ko-fi.com/ramses800",
      "discord": "Ramses800#8517"
    }
  ],
  "esmodules": [
    "scripts/combat-tracker-extensions.js"
  ],
  "styles": [
    "styles/combat-tracker-extensions.css",
    "styles/dropdownmenu.css",
    "styles/module-settings.css"
  ],
  "languages": [
    {
      "lang": "en",
      "name": "English",
      "path": "languages/en.json"
    }
  ]
}
